[{
 "id": 1,
 "name": "Spaghetti and Meatballs",
 "description": "Seasoned meatballs on top of freshly-made spaghetti. Served with a robust tomato sauce.",
 "price": 9.0,
 "category": "entrees",
 "image_url": "1_Spaghetti_Meatballs.png"
 },
 {
 "id": 2,
 "name": "Margherita Pizza",
 "description": "Tomato sauce, fresh mozzarella, basil, and extra-virgin olive oil.",
 "price": 10.0,
 "category": "entrees",
 "image_url": "2_Margherita_Pizza.png"
 },
 {
 "id": 3,
 "name": "Grilled Steelhead Trout Sandwich",
 "description": "Pacific steelhead trout* with lettuce, tomato, and red onion.",
 "price": 9.0,
 "category": "entrees",
 "image_url": "3_Grilled_Steelhead_Trout_Sandwich.png"
 },
 {
 "id": 4,
 "name": "Pesto Linguini",
 "description": "Stewed sliced beef with yellow onions and garlic in a vinegar-soy sauce. Served with steamed jasmine rice and sautéed vegetables.",
 "price": 9.0,
 "category": "entrees",
 "image_url": "4_Pesto_Linguini.png"
 },
 {
 "id": 5,
 "name": "Chicken Noodle Soup",
 "description": "Delicious chicken simmered alongside yellow onions, carrots, celery, and bay leaves, chicken stock.",
 "price": 3.0,
 "category": "appetizers",
 "image_url": "5_Chicken_Noodle_Soup.png"
 },
 {
 "id": 6,
 "name": "Italian Salad",
 "description": "Garlic, red onions, tomatoes, mushrooms, and olives on top of romaine lettuce.",
 "price": 5.0,
 "category": "appetizers",
 "image_url": "6_Italian_Salad.png"
 },
 {
 "id": 7,
 "name": "Pizza San Giovanni",
 "description": "Tomato sauce, egg plant, onions, fresh mozzarella, basil, and extra-virgin olive oil on a crusty fresh pizza bottom.",
 "price": 15.0,
 "category": "main course",
 "image_url": "7_Pizza_San_Giovanni.png"
 },
 {
 "id": 8,
 "name": "Pizza Vesuvio",
 "description": "Tomato sauce, salami, hot peppers, onions, topped with parmesan flakes, and extra-virgin olive oil on a crusty fresh pizza bottom.",
 "price": 15.0,
 "category": "main course",
 "image_url": "8_Pizza_Vesuvio.png"
 },
 {
 "id": 9,
 "name": "Pizza al Tonno",
 "description": "Tomato sauce, fresh herbs, eco-friendly caught Tuna and extra-virgin olive oil on a crusty fresh pizza bottom.",
 "price": 15.0,
 "category": "main course",
 "image_url": "9_Pizza_al_Tonno.png"
 }
 ]
